{
  "optimized_test": {
    "config_used": {
      "n_bags": 5,
      "dropout_strategy": "linear",
      "epochs": 10,
      "batch_size": 256,
      "random_state": 49
    },
    "training_time": 1.7194321155548096,
    "inference_time": 0.014178037643432617,
    "predictions": [
      4,
      4,
      4,
      3,
      4,
      4,
      3,
      4,
      3,
      3,
      4,
      3,
      4,
      4,
      4,
      4,
      4,
      4,
      4,
      3,
      3,
      4,
      4,
      4,
      3,
      4,
      4,
      4,
      4,
      3,
      3,
      3,
      4,
      3,
      4,
      4,
      4,
      3,
      3,
      4,
      4,
      4,
      4,
      4,
      4,
      4,
      3,
      3,
      3,
      4,
      4,
      3,
      4,
      4,
      3,
      4,
      4,
      3,
      4,
      4,
      4,
      4,
      4,
      4,
      4,
      4,
      4,
      4,
      4,
      4,
      4,
      4,
      4,
      4,
      4,
      4,
      4,
      4,
      4,
      4,
      4,
      4,
      4,
      4,
      4,
      4,
      4,
      4,
      3,
      4,
      4,
      4,
      3,
      4,
      4,
      4,
      4,
      3,
      4,
      4
    ],
    "true_labels": [
      4,
      4,
      3,
      2,
      4,
      2,
      0,
      4,
      2,
      4,
      4,
      3,
      4,
      3,
      4,
      3,
      4,
      4,
      4,
      4,
      0,
      4,
      4,
      4,
      4,
      4,
      2,
      3,
      4,
      4,
      4,
      3,
      1,
      3,
      3,
      4,
      2,
      2,
      4,
      4,
      4,
      3,
      3,
      4,
      2,
      4,
      4,
      3,
      3,
      3,
      4,
      3,
      4,
      4,
      0,
      4,
      4,
      1,
      0,
      4,
      4,
      4,
      4,
      3,
      0,
      2,
      3,
      4,
      0,
      2,
      1,
      4,
      3,
      4,
      2,
      4,
      4,
      4,
      4,
      4,
      4,
      2,
      4,
      4,
      4,
      3,
      3,
      4,
      4,
      0,
      4,
      3,
      3,
      4,
      4,
      4,
      4,
      2,
      4,
      4
    ],
    "accuracy": 0.56,
    "precision": 0.4266403162055336,
    "recall": 0.56,
    "f1_score": 0.48368385345997283,
    "close_accuracy": 0.82,
    "star_mae": 0.75,
    "star_rmse": 1.307669683062202,
    "r2_score": -0.21483375959079276,
    "per_class_accuracy": {
      "1\u2605": 0.0,
      "2\u2605": 0.0,
      "3\u2605": 0.0,
      "4\u2605": 0.3333333333333333,
      "5\u2605": 0.8596491228070176
    },
    "modality_importance": {
      "text": 0.5,
      "metadata": 0.5
    },
    "ensemble_info": {
      "n_bags": 5,
      "dropout_strategy": "linear",
      "epochs_trained": 10
    },
    "optimized_params": {
      "n_bags": 5,
      "dropout_strategy": "linear",
      "epochs": 10,
      "batch_size": 256,
      "random_state": 49
    }
  },
  "simple_test": {
    "config_used": {
      "n_bags": 3,
      "dropout_strategy": "linear",
      "epochs": 3,
      "batch_size": 256
    },
    "training_time": 1.386324167251587,
    "inference_time": 0.008971929550170898,
    "predictions": [
      4,
      4,
      4,
      4,
      4,
      4,
      4,
      4,
      4,
      4,
      4,
      4,
      4,
      4,
      4,
      4,
      4,
      4,
      4,
      4,
      3,
      4,
      4,
      4,
      4,
      4,
      4,
      4,
      4,
      4,
      4,
      4,
      4,
      4,
      4,
      4,
      4,
      4,
      4,
      4,
      4,
      4,
      4,
      4,
      4,
      4,
      4,
      4,
      4,
      4,
      4,
      4,
      4,
      4,
      4,
      4,
      4,
      4,
      4,
      4,
      4,
      4,
      4,
      4,
      4,
      4,
      4,
      4,
      4,
      4,
      4,
      4,
      4,
      3,
      4,
      4,
      2,
      4,
      4,
      4,
      4,
      4,
      4,
      4,
      4,
      4,
      4,
      4,
      4,
      4,
      4,
      4,
      4,
      4,
      4,
      4,
      4,
      4,
      4,
      4
    ],
    "true_labels": [
      4,
      4,
      3,
      2,
      4,
      2,
      0,
      4,
      2,
      4,
      4,
      3,
      4,
      3,
      4,
      3,
      4,
      4,
      4,
      4,
      0,
      4,
      4,
      4,
      4,
      4,
      2,
      3,
      4,
      4,
      4,
      3,
      1,
      3,
      3,
      4,
      2,
      2,
      4,
      4,
      4,
      3,
      3,
      4,
      2,
      4,
      4,
      3,
      3,
      3,
      4,
      3,
      4,
      4,
      0,
      4,
      4,
      1,
      0,
      4,
      4,
      4,
      4,
      3,
      0,
      2,
      3,
      4,
      0,
      2,
      1,
      4,
      3,
      4,
      2,
      4,
      4,
      4,
      4,
      4,
      4,
      2,
      4,
      4,
      4,
      3,
      3,
      4,
      4,
      0,
      4,
      3,
      3,
      4,
      4,
      4,
      4,
      2,
      4,
      4
    ],
    "accuracy": 0.55,
    "precision": 0.3231958762886598,
    "recall": 0.55,
    "f1_score": 0.40714285714285714,
    "close_accuracy": 0.77,
    "star_mae": 0.84,
    "star_rmse": 1.4352700094407325,
    "r2_score": -0.4634839443023584,
    "per_class_accuracy": {
      "1\u2605": 0.0,
      "2\u2605": 0.0,
      "3\u2605": 0.0,
      "4\u2605": 0.0,
      "5\u2605": 0.9649122807017544
    },
    "modality_importance": {
      "text": 0.5,
      "metadata": 0.5
    },
    "ensemble_info": {
      "n_bags": 3,
      "dropout_strategy": "linear",
      "epochs_trained": 3
    }
  }
}