{
  "experiment_name": "amazon_reviews_quick_20250914_222115",
  "test_mode": "quick",
  "seeds": [
    42
  ],
  "total_phases": 3,
  "successful_phases": 3,
  "success_rate": 100.0,
  "duration_seconds": 2148.060260772705,
  "duration_hours": 0.5966834057701959,
  "timestamp": "2025-09-14T22:57:03.669651"
}