{
  "accuracy": 0.61,
  "f1_score": 0.5481404240528328,
  "f1_micro": 0.61,
  "f1_macro": 0.5481404240528328,
  "f1_weighted": 0.568202989224887,
  "precision_macro": 0.6182586094866797,
  "recall_macro": 0.5738636363636364,
  "hamming_loss": 0.39,
  "jaccard_score": 0.39605614973262027,
  "per_class_f1": [
    0.7153284671532847,
    0.38095238095238093
  ],
  "per_class_precision": [
    0.6049382716049383,
    0.631578947368421
  ],
  "per_class_recall": [
    0.875,
    0.2727272727272727
  ],
  "per_class_accuracy": 0.61
}