{
  "accuracy": 0.56,
  "f1_score": 0.358974358974359,
  "f1_micro": 0.56,
  "f1_macro": 0.358974358974359,
  "f1_weighted": 0.40205128205128204,
  "precision_macro": 0.28,
  "recall_macro": 0.5,
  "hamming_loss": 0.44,
  "jaccard_score": 0.28,
  "per_class_f1": [
    0.717948717948718,
    0.0
  ],
  "per_class_precision": [
    0.56,
    0.0
  ],
  "per_class_recall": [
    1.0,
    0.0
  ],
  "per_class_accuracy": 0.56
}