{
  "confusion_matrix": [
    [
      0,
      0,
      0,
      0,
      7
    ],
    [
      0,
      0,
      0,
      1,
      5
    ],
    [
      0,
      0,
      0,
      0,
      5
    ],
    [
      0,
      0,
      0,
      2,
      18
    ],
    [
      0,
      0,
      0,
      5,
      57
    ]
  ],
  "classification_report": {
    "1\u2605": {
      "precision": 0.0,
      "recall": 0.0,
      "f1-score": 0.0,
      "support": 7.0
    },
    "2\u2605": {
      "precision": 0.0,
      "recall": 0.0,
      "f1-score": 0.0,
      "support": 6.0
    },
    "3\u2605": {
      "precision": 0.0,
      "recall": 0.0,
      "f1-score": 0.0,
      "support": 5.0
    },
    "4\u2605": {
      "precision": 0.25,
      "recall": 0.1,
      "f1-score": 0.14285714285714285,
      "support": 20.0
    },
    "5\u2605": {
      "precision": 0.6195652173913043,
      "recall": 0.9193548387096774,
      "f1-score": 0.7402597402597403,
      "support": 62.0
    },
    "accuracy": 0.59,
    "macro avg": {
      "precision": 0.17391304347826086,
      "recall": 0.20387096774193547,
      "f1-score": 0.17662337662337663,
      "support": 100.0
    },
    "weighted avg": {
      "precision": 0.43413043478260865,
      "recall": 0.59,
      "f1-score": 0.4875324675324675,
      "support": 100.0
    }
  },
  "rating_error_distribution": {
    "mean_error": 0.68,
    "std_error": 1.2560254774486066,
    "error_counts": {
      "0": 0,
      "1": 0,
      "2": 0,
      "3": 5,
      "4": 59,
      "5": 18,
      "6": 6,
      "7": 5,
      "8": 7
    }
  },
  "per_class_error_rates": {
    "1\u2605": 1.0,
    "2\u2605": 1.0,
    "3\u2605": 1.0,
    "4\u2605": 0.9,
    "5\u2605": 0.08064516129032262
  }
}