{
  "RandomForest_Text": {
    "scores": [
      0.53,
      0.54,
      0.59,
      0.52,
      0.57
    ],
    "mean_accuracy": 0.55,
    "std_accuracy": 0.026076809620810566,
    "confidence_interval": [
      0.5137995847845629,
      0.5862004152154372
    ]
  },
  "RandomForest_Combined": {
    "scores": [
      0.52,
      0.58,
      0.56,
      0.53,
      0.59
    ],
    "mean_accuracy": 0.556,
    "std_accuracy": 0.027276363393971687,
    "confidence_interval": [
      0.5181343371836055,
      0.5938656628163946
    ]
  },
  "XGBoost_Combined": {
    "scores": [
      0.55,
      0.54,
      0.57,
      0.54,
      0.57
    ],
    "mean_accuracy": 0.554,
    "std_accuracy": 0.013564659966250496,
    "confidence_interval": [
      0.5351692331165157,
      0.5728307668834844
    ]
  },
  "VotingEnsemble": {
    "scores": [
      0.49,
      0.58,
      0.57,
      0.55,
      0.56
    ],
    "mean_accuracy": 0.5499999999999999,
    "std_accuracy": 0.031622776601683784,
    "confidence_interval": [
      0.5061005483457457,
      0.5938994516542542
    ]
  },
  "MainModel": {
    "scores": [
      0.55,
      0.55,
      0.55
    ],
    "mean_accuracy": 0.55,
    "std_accuracy": 0.0,
    "confidence_interval": [
      0.55,
      0.55
    ]
  }
}