{
  "experiment_name": "amazon_reviews_quick_20250914_201223",
  "test_mode": "quick",
  "seeds": [
    42
  ],
  "total_phases": 3,
  "successful_phases": 3,
  "success_rate": 100.0,
  "duration_seconds": 2940.593214035034,
  "duration_hours": 0.8168314483430651,
  "timestamp": "2025-09-14T21:01:24.170882"
}