{
  "n_bags": 0.5766446773962849,
  "epochs": -0.3424206600030827,
  "dropout": 0.01747408113322058
}